Size,Avg. Time
200000,0.9774972462654115
1000000,0.915167510509491
2000000,1.0946110010147097
