Size,Avg. Time
200000,68.73386588096619
1000000,69.59206929206849
2000000,75.76810870170593
