Size,File Count,Avg. Time
200000,50.0,0.8805269002914429
500000,20.0,1.1445962190628052
833333,12.0,1.3532321453094482
1000000,10.0,1.6339566707611084
1250000,8.0,1.380467414855957
2000000,5.0,1.2554036378860474
5000000,2.0,1.5183740854263306
