Size,File Count,Avg. Time
200000,50.0,4.206151163205504
500000,20.0,1.96485098823905
833333,12.0,1.271157955750823
1000000,10.0,1.088893385604024
1250000,8.0,1.0264379493892193
2000000,5.0,0.983283456414938
5000000,2.0,1.425199557095766
